,emitterName,latentVector,completionPercentage,jumpActionsPerformed,killsTotal,livesLeft,coinsCollected,remainingTime (20-timeSpent),calc_higher_level_non_empty_blocks,calc_num_enemies
0,CMA-ME,"[ 0.38517083 -0.13977388  0.06372543  0.31072478  0.2821277  -0.27115719
 -0.12417734  0.04671054 -0.15672502 -0.3744999   0.07586457  0.02019946
  0.12770889  0.47832009  0.37719015  0.02081099  0.11244726  0.13685773
  0.33555642  0.08407723 -0.20191666  0.18554498  0.02014285  0.07790844
 -0.32803775 -0.38979657  0.09185104 -0.10479169  0.26117687  0.02350408
 -0.09104688 -0.17655126]",0.16647647321224213,0,0,0,0,19340,0,0
1,CMA-ME,"[ 4.30180586e-03 -1.18665420e-01  2.58232235e-01 -1.88704486e-01
 -8.52806311e-02 -1.43930311e-01 -3.24619344e-01 -2.55539859e-02
  4.93692962e-02 -4.26287764e-02 -1.71564669e-01 -5.29684001e-01
 -1.61184619e-01  3.14785216e-01  6.79175893e-01 -1.86741360e-01
  1.42252386e-01  9.55805112e-02 -1.53853971e-01  1.77577287e-01
  2.22259978e-02 -8.63933182e-02  4.65634266e-04  3.26133847e-01
  2.39847224e-01  2.62034333e-01 -4.50529575e-02 -9.76883634e-02
  3.90214464e-01 -1.32808220e-01 -1.90944454e-01  6.76068751e-02]",0.4548397362232208,2,0,0,0,18620,4,0
2,CMA-ME,"[ 0.01118354  0.1951027   0.43611452 -0.19672495  0.07684701  0.1297831
 -0.19918437 -0.11197409 -0.1928178  -0.48486023  0.20403243  0.58612282
 -0.17239261 -0.28686426  0.09893004  0.22327523  0.16849598 -0.28569276
 -0.05928422  0.0399906   0.05803963  0.02641765 -0.01091935  0.07198877
 -0.02991846 -0.09156503 -0.19485276  0.16022575  0.11942946 -0.15955138
  0.03648757  0.21741965]",0.5431967377662659,4,1,0,0,17900,3,2
3,CMA-ME,"[-0.13704429  0.02403659  0.44827754  0.07889995 -0.07462943  0.17181308
  0.09648323  0.04362197 -0.31510038 -0.22329292 -0.00579208 -0.03547045
  0.21582069  0.1651208  -0.08231128  0.39863041  0.31348632 -0.0505205
 -0.05329768 -0.05277762  0.26931641  0.30898731 -0.1399988   0.22510455
  0.1680332   0.06433815 -0.41116535  0.00470578  0.13799477  0.49961258
  0.14529179 -0.21739029]",0.34788641333580017,2,0,0,0,18620,10,2
4,CMA-ME,"[ 0.34472858 -0.15651054 -0.19479639  0.08270604 -0.14307256 -0.33625913
  0.13921072 -0.29192652 -0.18688434 -0.266564   -0.18230573 -0.16097683
  0.34084775 -0.29279239 -0.18925453 -0.19328946  0.29055646  0.33484318
  0.28831794  0.00284306 -0.04197537 -0.04350997  0.31512139  0.21845332
 -0.22961512 -0.25572488  0.06889133 -0.01022745  0.04814044 -0.15471007
  0.13485445 -0.16934883]",0.16647647321224213,0,0,0,0,19340,0,0
5,CMA-ME,"[ 0.29111394 -0.35495313  0.35716616  0.02212809  0.10756158  0.09987971
  0.12537314 -0.12192401  0.43630669  0.51549614  0.07122419 -0.36729045
 -0.05156184 -0.4517981  -0.04204539  0.07967263 -0.16904044 -0.16143408
  0.16804155  0.3141692  -0.37771842 -0.1236453   0.11571249 -0.19333323
 -0.05234113 -0.52178698  0.05916234  0.01552639 -0.15761433  0.48618266
 -0.04297534 -0.00625924]",0.16647647321224213,0,0,0,0,19340,0,0
6,CMA-ME,"[ 0.24703084  0.04891688 -0.30508598 -0.33920611 -0.22706822 -0.03497613
 -0.38304056  0.16508335 -0.38146816  0.08608648  0.00454129  0.18594954
 -0.08032506  0.00497077  0.06876996 -0.19412028 -0.06161729  0.09352262
  0.03134268 -0.04439095  0.24630329  0.26623079 -0.21968194 -0.10159492
 -0.29537852  0.05886083 -0.18493122  0.06498799  0.22793551 -0.12777343
  0.24376772 -0.22054814]",0.9005586504936218,4,0,0,0,17360,2,3
7,CMA-ME,"[ 0.07949414 -0.15738584  0.13639802  0.18794065  0.38189273  0.48561946
  0.29786986 -0.15955169  0.105662    0.07518641  0.4901649   0.47003014
  0.18486378 -0.06735843  0.21696407 -0.13999447  0.31023863  0.33898405
 -0.03290858 -0.01308187  0.3615954   0.14820677 -0.1602286   0.20550651
 -0.32477487  0.13739078  0.05434047 -0.31938108  0.16545194 -0.17165668
  0.15621933 -0.20948391]",1.0,5,0,0,0,17300,3,6
8,CMA-ME,"[-0.13351981 -0.31986869 -0.18978155  0.02976077  0.09801842  0.13496574
 -0.17472145 -0.25169505  0.09498171 -0.11859615 -0.1653843  -0.20176574
  0.12156539  0.34249911 -0.00965056 -0.02280107 -0.37867859  0.03777107
  0.10104542  0.21555308  0.19950615  0.16508489  0.4666333   0.0411899
 -0.16998379  0.26808464  0.01495938 -0.2028323  -0.11061502  0.2704435
 -0.25064364  0.00931026]",0.5316298604011536,4,0,0,0,18080,38,1
9,CMA-ME,"[ 0.22876053 -0.38611309 -0.04998314  0.4093847  -0.3311266  -0.15212457
 -0.05993428 -0.02850169  0.41657479 -0.01871063 -0.02089107 -0.16880555
 -0.17611469 -0.10926897  0.37633634 -0.07525039  0.16425373 -0.14543945
 -0.05549583 -0.35572201 -0.10430864  0.04525464 -0.05750157  0.13099122
  0.05969525 -0.45500609 -0.03269102 -0.15714598 -0.14463439 -0.20348941
  0.05085687  0.22299648]",0.16647647321224213,0,0,0,0,19340,0,0
10,CMA-ME,"[-0.1151883   0.12320543  0.33157107 -0.4014026   0.16600091  0.14655439
 -0.15176189 -0.04670817 -0.09812123  0.32486539  0.25886852  0.14661991
  0.37033607 -0.2104757   0.00750566 -0.06443144 -0.08464897  0.23784819
 -0.01931967 -0.29487356  0.05114004  0.15914131  0.37391596 -0.05832272
 -0.06845068  0.37353936  0.33733454 -0.0160949   0.08222992 -0.08651334
 -0.08499532  0.17028776]",0.2961929440498352,1,0,0,0,18920,24,0
11,CMA-ME,"[ 0.14724912 -0.14221422 -0.08081058  0.4167416  -0.2136485  -0.08939522
  0.03802987  0.27409505  0.07813456  0.10431228 -0.28393662  0.15286321
 -0.16313385 -0.42144755 -0.07160488  0.2668742   0.01092912 -0.21764949
  0.28491057 -0.07310228 -0.13845491  0.01265777 -0.060321    0.11347962
 -0.01642779 -0.07167059 -0.02154658  0.29574085 -0.02197444  0.12379616
 -0.05701585 -0.05921223]",0.5536525249481201,2,0,0,0,18380,0,0
12,CMA-ME,"[-0.01193297 -0.0291768  -0.04611305 -0.01350374 -0.20585832  0.0380174
 -0.11805321  0.09560023  0.25995642 -0.09290389 -0.04365136 -0.1186484
  0.22889055 -0.1297369   0.03256375 -0.10495352 -0.29390616  0.28136171
  0.20777358 -0.18728868 -0.25309237 -0.11355911  0.20281601  0.11288693
 -0.02272542 -0.08641367 -0.20686189  0.43980611  0.40233756  0.18221305
  0.08480277  0.30749278]",0.9912744760513306,1,0,0,0,19070,75,3
13,CMA-ME,"[-0.09939569 -0.31633747 -0.12348805  0.14944285  0.06116266  0.17221552
 -0.10995225 -0.08971151  0.18685918  0.06054387 -0.11466089  0.00365401
  0.12995013 -0.28695636  0.04725401  0.13206042  0.19387127 -0.44441056
  0.14487456  0.39688892  0.06953728  0.13036826  0.36693158 -0.01237538
  0.09662738 -0.29714285  0.07166819 -0.01084958  0.14393458 -0.01860984
 -0.24720564 -0.16304589]",0.38106173276901245,1,0,0,0,18800,0,0
14,CMA-ME,"[ 0.1805608   0.12089618  0.05133064 -0.03488153  0.04126238 -0.04184832
 -0.06892545 -0.26991072 -0.09764185  0.16574584 -0.22140791  0.16289301
 -0.11533074  0.35761808  0.07991728 -0.20913535  0.06708914 -0.21991329
  0.18192587  0.24800512 -0.23755135  0.38326837 -0.10364197  0.01111089
  0.137729   -0.05466491  0.07195835  0.05248605  0.03076462 -0.01914428
 -0.10515262 -0.07083453]",0.16647647321224213,0,0,0,0,19340,3,0
15,CMA-ME,"[-0.15775798 -0.35573251 -0.22091326 -0.26126262  0.15544368 -0.27520836
 -0.03410892 -0.26832949 -0.03368373 -0.10048797  0.26812424 -0.22942582
 -0.07515274 -0.14301304  0.01873476 -0.10484625 -0.02537665  0.41234596
  0.14423724  0.04486763  0.63349371 -0.17829576  0.05151234  0.6447839
 -0.24418826 -0.11418971 -0.10830717  0.13755261  0.04515935  0.07990935
  0.07723204 -0.1170634 ]",0.3674493730068207,1,0,0,0,18830,5,0
16,CMA-ME,"[ 0.06311565  0.33597508  0.0499451   0.1922417   0.22350646  0.06899297
 -0.58597934 -0.20059541  0.0070618   0.3048849   0.0896597  -0.09087825
  0.16585556 -0.22638754  0.18036794  0.31159091 -0.14576896 -0.11786184
 -0.09897321  0.1979098   0.15652827 -0.10258769  0.10905815  0.15017507
  0.17196537  0.47411706  0.28824801 -0.1042918  -0.08262099 -0.22218393
  0.34989121 -0.13492094]",0.16647647321224213,0,0,0,0,19340,0,0
17,CMA-ME,"[ 0.13487243  0.38594114 -0.03394163  0.00422212 -0.25870841  0.2000159
  0.24686158  0.14889652 -0.16030933  0.46671244  0.12603034 -0.09367101
 -0.12435558 -0.09537751 -0.13526312  0.19254021 -0.14951718  0.04189266
  0.13747308 -0.14538421 -0.40276419 -0.18343918 -0.30929143  0.36742203
 -0.14838632 -0.06932167 -0.04544299  0.15721653 -0.05897359 -0.06302252
  0.01224335 -0.17473012]",0.16647647321224213,0,0,0,0,19340,0,2
18,CMA-ME,"[-0.01631371  0.00574298  0.20365151  0.09242747  0.13014683 -0.02374829
 -0.15335681 -0.06119443  0.15848856 -0.02607979 -0.24745393  0.01615288
  0.04851581  0.00166224 -0.16679184  0.23384511 -0.27223455  0.42567458
  0.12043972 -0.05064136 -0.25116176  0.00092049 -0.38433218  0.33642185
  0.34769321  0.28939718 -0.01554708 -0.03543948 -0.08742317 -0.18049289
 -0.02774353  0.16160603]",0.16647647321224213,0,0,0,0,19340,0,0
19,CMA-ME,"[-0.0434616   0.23130682 -0.06222115 -0.00997936 -0.18182777 -0.13676731
  0.0039474  -0.22819548 -0.1240651   0.19725877 -0.03720166 -0.1159049
 -0.25222724  0.08164126 -0.42135462 -0.13507631 -0.13703689 -0.32091669
 -0.24475908  0.15829524 -0.07257282 -0.06953572 -0.08571852  0.05129261
 -0.22916564  0.09337326  0.02639457 -0.15250383 -0.36857058 -0.10116663
  0.0204475   0.00572338]",0.14890451729297638,0,0,0,0,19340,0,4
20,CMA-ME,"[-0.08010572  0.01873843 -0.05799094 -0.02452429 -0.22385429  0.19616923
  0.08827913  0.06848934 -0.31257329  0.50940852 -0.34813404  0.1430003
 -0.04537135 -0.33592867 -0.25185203  0.00335371  0.24595723 -0.19366885
 -0.09409572 -0.28248181 -0.03316418 -0.06799827  0.03701252 -0.13192548
  0.24276943 -0.37075413  0.00814311  0.11421489 -0.14142325  0.26240215
 -0.02731471 -0.18063532]",1.0,4,1,0,0,17240,0,7
21,CMA-ME,"[ 0.31896511  0.17910738  0.37543976 -0.03224995  0.07648755 -0.51955696
  0.17854315 -0.29051614 -0.15846937  0.0712      0.21103223 -0.00426835
 -0.24015506  0.21046568  0.18568759 -0.21893503  0.14213147  0.11603369
  0.15216277 -0.08229831 -0.15333216 -0.09006319  0.19000821  0.03588208
  0.19047439 -0.13192685  0.03044706  0.23378007  0.06097974 -0.16858985
  0.23543498  0.37237869]",0.16647647321224213,0,0,0,0,19340,0,0
22,CMA-ME,"[ 0.23481568 -0.32885369  0.00668043 -0.0269794  -0.09556797  0.16050209
  0.01304253  0.37926058  0.07164987 -0.21250306  0.13333695  0.03940888
 -0.01586601  0.05702547  0.22074452 -0.10478256 -0.44256096  0.04641065
  0.08584857 -0.00300809 -0.22747351 -0.15973764 -0.073941    0.03501227
 -0.25845814  0.13086445  0.16683099 -0.06551886 -0.10606008 -0.02789244
 -0.61094083 -0.0062954 ]",0.4719614088535309,3,0,0,0,18260,10,0
23,CMA-ME,"[-0.1836621  -0.26224499 -0.13593097  0.0813455   0.07366832  0.06201619
 -0.01783324  0.12823836  0.48512043  0.35000192  0.08935586  0.12109368
  0.05696622  0.09539811 -0.09068941  0.04624098  0.21105163 -0.20934394
 -0.22709776  0.37885312 -0.05521552  0.16732194  0.0875291   0.08907942
 -0.18172052  0.08244073 -0.08531013 -0.15033479  0.31554984  0.16158416
  0.21826222 -0.15645234]",0.9749102592468262,3,0,0,0,17360,15,0
24,CMA-ME,"[ 0.04603821  0.19400514 -0.11535749 -0.0897762   0.13496268  0.05161325
  0.16433237  0.10130986  0.27154313  0.20616276  0.37034914  0.02932692
 -0.04907846  0.17866146  0.23708546  0.0571723   0.27412833  0.19947427
  0.08986014 -0.00968953  0.07948741 -0.18974545 -0.21813843 -0.24157706
 -0.02151534 -0.09853971 -0.17165665 -0.08672041  0.18769833  0.25258132
  0.08495783  0.22259681]",0.9304417967796326,4,0,0,0,17180,3,4
25,CMA-ME,"[ 0.11838987 -0.44162862 -0.07682893  0.28647496  0.37531721  0.01759826
  0.0557046  -0.1551474   0.0643484   0.31323781 -0.2480581   0.40141542
 -0.01351576  0.25741791 -0.16130488  0.08314934  0.08797048 -0.14729667
  0.20895721  0.19194373  0.177292   -0.00978535 -0.07206047  0.11983994
  0.22441205  0.02689171  0.09221408  0.13997634  0.44861512 -0.12688865
  0.21044914  0.08749296]",0.16647647321224213,0,0,0,0,19340,0,0
26,CMA-ME,"[ 0.03096451 -0.06496025 -0.07178233  0.12915817  0.30277369 -0.03462033
 -0.17493778  0.11397945  0.1244825  -0.31738926  0.31018247 -0.01064504
 -0.15334209 -0.08193425  0.01734573 -0.34323415  0.12236726  0.06180504
  0.03710484 -0.2809553   0.15902683  0.17289871 -0.31270065  0.28552111
 -0.0401995  -0.0358465  -0.18556463 -0.08025116  0.03003902 -0.20115636
  0.02639336 -0.17169583]",0.5536525249481201,2,0,0,0,18380,0,0
27,CMA-ME,"[-0.23716434 -0.46109117  0.3198134  -0.05233628 -0.56974066  0.15993334
 -0.16484982 -0.03437896 -0.09355067  0.31162577 -0.07582793 -0.07665014
 -0.05030005  0.3462506   0.21196131  0.13631296 -0.3983149   0.07586699
 -0.36854325 -0.11318595  0.3091493  -0.22512648  0.05533786 -0.06488748
  0.10861791  0.17366296 -0.1278699   0.40951605 -0.01962999  0.18712947
  0.30438317  0.09953029]",0.2597368359565735,1,0,0,0,19100,2,0
28,CMA-ME,"[ 0.28851713  0.05990409 -0.20618702 -0.11809685  0.23239185  0.08923886
  0.17654153 -0.10794124  0.34519553 -0.15573336 -0.08985444 -0.09418905
 -0.10948184  0.16153856  0.12929879 -0.07925854 -0.16811897 -0.36144251
 -0.34492499  0.1677259   0.12191691 -0.32936584  0.0255499  -0.05508954
  0.04163752 -0.40928312  0.02286051  0.0453029   0.03305109 -0.17211159
  0.41645709 -0.15988521]",0.9971396923065186,5,1,0,0,17120,0,4
29,CMA-ME,"[ 0.11533884 -0.02949327 -0.08043837 -0.26143544 -0.19650019 -0.14380858
  0.06991324  0.22951243 -0.0209529  -0.13918976  0.29664896  0.04528215
 -0.28113173  0.06259242  0.29296992  0.12396782  0.10637888  0.28537957
  0.12192421  0.28077221  0.06524276  0.29821087 -0.1356756   0.05335512
 -0.19058673 -0.26257932  0.16827059 -0.34192108 -0.07238157 -0.3191595
 -0.2097964  -0.15910069]",0.16647647321224213,0,0,0,0,19340,0,0
30,CMA-ME,"[-0.21109296 -0.11682658 -0.08122828 -0.16967068  0.60457833  0.18325382
  0.14136817  0.29376582  0.06584454  0.08319119  0.10829311  0.05477267
 -0.25450058  0.04217286 -0.2600388   0.05677952  0.11878351 -0.06938941
  0.47623303 -0.02494004 -0.15470165  0.03171572  0.00690837  0.18972413
 -0.10593672  0.21156074  0.25883697  0.06815891  0.22129585 -0.29212296
 -0.19761535  0.41687715]",0.16647647321224213,0,0,0,0,19340,0,0
31,CMA-ME,"[ 0.00868282  0.03972256  0.32886127 -0.31859553  0.34593963 -0.03746273
  0.07990126  0.0102353  -0.05115569 -0.17938528 -0.18302329 -0.00326646
  0.15745226 -0.12144883  0.00570539 -0.19419599  0.30836521 -0.14917782
  0.26684941 -0.00988997 -0.31342125  0.2279453   0.12411669 -0.24484946
  0.09947223 -0.41203875 -0.21627437  0.02859626  0.01258245  0.12184754
  0.28059329 -0.18003989]",0.6777054667472839,5,0,0,0,17540,8,2
32,CMA-ME,"[ 0.22376334  0.1788664  -0.08869394  0.0009394  -0.0092444  -0.15404526
  0.19764784  0.10854329 -0.17418302 -0.31166871  0.466258   -0.12254407
  0.20695829 -0.08472611  0.08938636 -0.022695   -0.04973521 -0.05767603
 -0.05888525  0.08171435  0.09940197  0.08920763 -0.38044373  0.11960133
 -0.02358272 -0.08125452 -0.19292546  0.00112047  0.06251888 -0.25772146
  0.38905724 -0.03952925]",0.5516820549964905,2,1,0,0,18380,0,2
33,CMA-ME,"[ 0.04836835 -0.46663305  0.1305961  -0.16137471  0.15693473  0.10299942
 -0.10251392 -0.02571601  0.35328042  0.07412028  0.17720058 -0.4026294
  0.01215732  0.00666139 -0.04936146 -0.19851159  0.15890317 -0.51589057
  0.06025546  0.08509261 -0.21192044  0.1060954  -0.25897213  0.001314
 -0.15109708  0.17557715  0.17283952  0.14507052  0.09595973 -0.15891388
 -0.11080879  0.07976155]",0.16647647321224213,0,0,0,0,19340,0,0
34,CMA-ME,"[-0.27553643  0.46047259 -0.22204832 -0.02583566 -0.23126354 -0.04633018
 -0.05921705 -0.18114041 -0.13554791 -0.09806403 -0.47225203 -0.0984851
 -0.01021437  0.04265932  0.07909879  0.00231519  0.41314561 -0.2935886
 -0.29014033  0.2792115  -0.25700915  0.0264432  -0.19493218 -0.30272651
 -0.0737849  -0.25601324  0.05465599  0.06749208  0.11003299  0.36775842
 -0.14822362 -0.259991  ]",1.0,3,2,0,0,17150,5,8
35,CMA-ME,"[ 0.15557529  0.34858764 -0.13750041 -0.12998694 -0.03093668 -0.01175822
  0.38165553  0.27423694  0.26865636  0.0627822   0.04064171 -0.20264341
 -0.00730954 -0.23118173  0.07278707 -0.06813866  0.00585241 -0.20638653
 -0.05333834 -0.20370894  0.36783874 -0.03230968  0.09090466 -0.15212791
 -0.01593071 -0.04980652 -0.01967965  0.11831502  0.09913713 -0.27815675
 -0.13437533 -0.22403539]",1.0,5,0,0,0,17180,3,5
36,CMA-ME,"[-0.19818287 -0.11489969 -0.23213902  0.13467807  0.13189565 -0.37303531
  0.16654535 -0.13903887  0.21862033 -0.12517386 -0.097397   -0.17624646
  0.09491646  0.13290977 -0.14332266  0.35640198 -0.11599768  0.07406651
  0.23270936 -0.31462833 -0.10575654 -0.18909716  0.55801431  0.4878955
  0.13999009 -0.03182458  0.07146218 -0.15295219  0.21480026 -0.06232902
 -0.04055133 -0.21202608]",0.46915262937545776,2,0,0,0,18560,14,0
37,CMA-ME,"[ 0.03159621  0.25164167 -0.07367732  0.16274947 -0.07957387 -0.28525961
 -0.34516823  0.01920005 -0.20794803 -0.37506847  0.06296254 -0.23757309
 -0.03126319 -0.08269529  0.09771157 -0.02677368 -0.09083875 -0.16899088
 -0.22510252 -0.39401808  0.18344806 -0.05658445 -0.11900736 -0.1691929
 -0.0185469   0.08036692 -0.26817267 -0.01057035 -0.05554091 -0.14751994
  0.01884417  0.28306672]",0.16647647321224213,0,0,0,0,19340,0,0
38,CMA-ME,"[-0.29959719  0.29914032 -0.25800532 -0.22805201  0.36207435  0.2680614
 -0.27369645 -0.12066078 -0.30904773 -0.27563025  0.02429372 -0.19169266
  0.11173065 -0.13605498  0.33702402 -0.26620888 -0.09788144  0.03352371
 -0.29925363  0.37669967  0.32812366  0.00802745 -0.19440396  0.11041755
 -0.1855168  -0.14663544 -0.04148775  0.25895658  0.19222287 -0.08170743
 -0.26065544 -0.06057687]",0.9304417967796326,5,0,0,0,17180,6,4
39,CMA-ME,"[ 0.4571434   0.19028726 -0.03800326 -0.18315035  0.11975416  0.36653272
 -0.21286683 -0.11451016 -0.08751093  0.11669766 -0.38078719 -0.03575281
 -0.13364375 -0.10992729  0.17777472 -0.32542828  0.03842304  0.18940049
 -0.21866319  0.11624965  0.31229565 -0.11226959 -0.39422929 -0.04428198
 -0.0159935   0.31980583 -0.15481155  0.25565513 -0.29941845  0.41541517
 -0.06530145 -0.2368348 ]",1.0,3,2,0,0,17300,0,12
40,CMA-ME,"[ 0.00309993 -0.30087226 -0.04858565  0.00490566  0.32583414 -0.38885904
 -0.12124177  0.39212199  0.05335543  0.05073639  0.11655953 -0.15712614
  0.05312548 -0.00699817 -0.08297837 -0.03816672 -0.31778881 -0.24623059
  0.05808684  0.16207407  0.2431419   0.39921665  0.1378127   0.06292725
 -0.20018664 -0.14463643  0.12775965  0.00667801  0.30481078  0.24029735
  0.07605134 -0.06895893]",0.38106173276901245,1,0,0,0,18800,0,0
41,CMA-ME,"[ 0.2179557   0.0408938   0.07020109  0.16367827  0.10445951 -0.007331
  0.04435135  0.02860727 -0.12601067 -0.04924645  0.10256742 -0.14591293
  0.17606447  0.03349765 -0.43470548 -0.50795529 -0.06036465  0.0550161
  0.14392522  0.0059088  -0.19419714 -0.1142068  -0.12720181  0.13312217
  0.0282562   0.0203977  -0.06796869 -0.45336397 -0.30023887 -0.27513993
  0.09571232  0.12696434]",0.16647647321224213,0,0,0,0,19340,0,2
42,CMA-ME,"[-0.15886086  0.23059008 -0.12143902  0.41601605 -0.20548918 -0.14183737
 -0.04370675 -0.07263802 -0.02600058 -0.25751284  0.21674248 -0.06367781
 -0.10386213  0.00306435 -0.46781569 -0.02574524  0.02302035 -0.10912233
 -0.03809636 -0.34845472  0.25611359 -0.04878085 -0.22533157  0.26421356
 -0.19005716 -0.04806965  0.2398393  -0.20331009 -0.0398965   0.14364285
 -0.2682285   0.19694617]",0.16647647321224213,0,0,0,0,19340,0,0
43,CMA-ME,"[-0.05327659  0.07097927 -0.19294693 -0.22217891  0.02095823  0.09082756
  0.27443049  0.13449523  0.26348242 -0.22679027  0.08999618 -0.04436832
  0.22657659  0.21157915 -0.17407525  0.08659716  0.25510937  0.10519164
 -0.11383405 -0.0638183   0.14361388  0.02210796  0.15958047 -0.11893662
  0.14720042  0.05763078 -0.26462705  0.48101067  0.31553904 -0.02757693
  0.43372586  0.09473243]",0.5911543369293213,2,2,0,0,18260,0,11
44,CMA-ME,"[ 0.22314888  0.12264787  0.15926792  0.2399598  -0.10435646 -0.14151629
  0.21707548  0.32788471 -0.03615641 -0.2668098  -0.14627317  0.01402841
 -0.14816206 -0.03804722 -0.02100511 -0.25773941 -0.00716091  0.27768507
 -0.14964425  0.00596325 -0.01629704 -0.04603647 -0.08753105  0.06398739
  0.267131   -0.26220225 -0.00846699 -0.18142667  0.05014401  0.1906072
  0.31893418 -0.23099924]",1.0,3,1,0,0,17300,0,9
45,CMA-ME,"[-0.04569991 -0.10652331 -0.31775231  0.30000113 -0.17467328 -0.1904566
 -0.30384059 -0.02726023 -0.28857514  0.03551053 -0.20019058 -0.03962149
 -0.3426231   0.15169312 -0.30686961 -0.16325451  0.01409518  0.2689042
  0.39161718  0.007965   -0.01552929 -0.07451835 -0.43608285 -0.31661431
 -0.21180482 -0.17837728 -0.04344525  0.23646604 -0.04957696  0.12867585
  0.02449293 -0.16926126]",1.0,4,0,0,0,17300,0,3
46,CMA-ME,"[ 0.25487405  0.13139186 -0.01656469  0.1385495   0.03753188 -0.29321691
 -0.14373928 -0.0456424   0.08916628  0.01060365  0.33893657 -0.17235001
  0.0287353  -0.07169667  0.24559248  0.53279955  0.0614776   0.05370499
  0.1804778   0.16119852 -0.04964708  0.11641329 -0.10286224 -0.10937508
  0.21328611 -0.09795508  0.11124774 -0.37620626 -0.30514548  0.00865877
 -0.30134048 -0.00812833]",0.16647647321224213,0,0,0,0,19340,0,0
47,CMA-ME,"[-0.18826177  0.03073989 -0.05709234  0.64732574 -0.09542075 -0.15812106
  0.24375355 -0.03651378  0.1195748   0.17767412 -0.29170885 -0.02136272
  0.29760481 -0.02851858 -0.38489511  0.24133102 -0.21760583  0.32634819
 -0.08462323  0.34819903  0.26474326 -0.14549228  0.12357411 -0.00749378
  0.36520288  0.0975322  -0.07910591 -0.12447881  0.10437861 -0.04887233
  0.07793107  0.00728277]",0.16647647321224213,0,0,0,0,19340,0,0
48,CMA-ME,"[ 0.06929892 -0.29961773  0.15771572  0.10270489  0.03899572 -0.05773286
 -0.07175476  0.04022856 -0.07005128  0.01000965 -0.20660758 -0.23493805
  0.0991289  -0.13187702 -0.16269244  0.17588706 -0.02709784 -0.33387574
 -0.05897906 -0.0587662   0.18596628 -0.31851511  0.3305636   0.04794724
 -0.21816159 -0.11657142 -0.02524019 -0.20159175 -0.05558326 -0.09063478
 -0.24748913 -0.15100739]",0.16647647321224213,0,0,0,0,19340,0,0
49,CMA-ME,"[-0.10536099  0.01655356 -0.54291989  0.15544717 -0.10513666 -0.06829732
  0.23929841 -0.18873135 -0.04449898  0.26356475 -0.1987368   0.16084792
 -0.17005333  0.07605652  0.1443884   0.20842554 -0.48295639  0.10127054
 -0.06297204  0.36087365 -0.28767911  0.13868423 -0.02426523  0.11944233
 -0.07926801  0.39955658 -0.26616458 -0.03634723 -0.10897607 -0.19659004
  0.12235088  0.296997  ]",0.16647647321224213,0,0,0,0,19340,0,0
50,CMA-ME,"[ 0.25599184  0.07716542 -0.23006215 -0.1249831  -0.13434132  0.26973347
  0.16658496  0.24592186  0.07185884  0.09187369 -0.15004593 -0.39313143
  0.1251249  -0.01652633  0.055421    0.1042311  -0.33669327 -0.13517155
  0.0322217  -0.31272241 -0.10224163 -0.29562768  0.15316751 -0.09893247
 -0.03631581 -0.21504733  0.02384735 -0.03867155 -0.24253051  0.1699743
 -0.02887553  0.00567024]",0.5289206504821777,2,0,0,0,18440,0,1
51,CMA-ME,"[-0.07231385  0.12681657 -0.05423372  0.39915864 -0.05463997  0.15617101
 -0.11121129 -0.09351999  0.06264436 -0.3060448   0.08821503 -0.0998423
  0.10683795 -0.05394412 -0.14699108  0.2935953  -0.11108679  0.14994992
  0.03885748 -0.32371251  0.28283066  0.00535631 -0.2024924   0.0338876
  0.3206526  -0.01139236  0.00467166  0.1184145  -0.39952583  0.00178236
  0.21561557  0.17651383]",0.16647647321224213,0,0,0,0,19340,0,0
52,CMA-ME,"[-3.40924496e-01 -1.91317115e-01  1.40024225e-01 -1.28840895e-01
 -2.86411098e-02 -1.69291571e-02  2.51280633e-01 -1.36414125e-01
  9.83546081e-02  1.73393346e-01  4.65759516e-01  2.57479272e-01
  3.45519877e-01  3.43904111e-02 -4.19409852e-01  2.57953240e-01
  1.02909008e-01  8.12762445e-02 -1.59012769e-01  1.64334139e-01
 -2.16214258e-01 -1.94647713e-04 -1.41497480e-01 -2.13685160e-01
  7.55178120e-02 -2.16051409e-01  2.96717432e-01 -1.07174264e-01
 -1.91217940e-01 -1.80003777e-02 -1.52249950e-02  1.17279802e-02]",0.16647647321224213,0,0,0,0,19340,0,2
53,CMA-ME,"[ 1.30644998e-02 -1.49255518e-01 -8.60956313e-02 -1.20003082e-01
 -4.35953276e-01 -7.15614317e-02  4.66778481e-02  2.63558248e-01
 -2.36273217e-01 -2.22756886e-01 -2.52234465e-01 -6.97956033e-02
 -2.39350574e-02 -2.15845879e-01 -3.04906358e-01 -3.76798935e-02
  7.53551314e-02 -3.91045939e-02  1.88684566e-01  1.26988610e-01
  1.66998290e-01 -7.93629177e-02 -1.09840391e-01  1.46958662e-01
 -1.21353238e-02  2.09214326e-01  1.84020536e-01 -9.40472439e-02
 -1.17770444e-01 -2.02111556e-04 -3.32544810e-02  3.08993550e-01]",0.16647647321224213,0,0,0,0,19340,2,0
54,CMA-ME,"[-0.10300277  0.00746213  0.22842929  0.35356253 -0.41047754 -0.06102947
 -0.25632243  0.04580859  0.22371462  0.20677014 -0.04244958 -0.01026072
  0.07004009 -0.38091029 -0.06787172 -0.04612677  0.02367002  0.02833929
 -0.14727275  0.17977419 -0.01467706  0.33203266  0.11422355  0.10789307
  0.54280323  0.21736745  0.11661764  0.28407914  0.06512917 -0.14585243
  0.0103993   0.24126749]",0.16647647321224213,0,0,0,0,19340,0,0
55,CMA-ME,"[ 0.01009666 -0.12465688  0.10665068 -0.11266285 -0.2248095  -0.13400206
 -0.05218991 -0.05403816 -0.29852684 -0.1577458  -0.15062826 -0.09548385
 -0.29676427  0.15421198 -0.18146577 -0.20373051 -0.11152854 -0.25220136
  0.1889934  -0.17400879 -0.2115417   0.25583059 -0.1365321  -0.06164359
  0.01188148 -0.18053709  0.15690149  0.03740391 -0.14246519  0.10943134
  0.08590027  0.18480503]",0.16647647321224213,0,0,0,0,19340,0,0
56,CMA-ME,"[ 0.09427187 -0.21299015 -0.23049427  0.09804758 -0.08916285  0.0410441
 -0.11130172 -0.38601327  0.05210468 -0.2992589   0.23627666 -0.33433307
 -0.15954789 -0.04599781  0.30970479 -0.22123901  0.13047146  0.00476731
  0.12283438 -0.17693034  0.16854947 -0.00073112  0.35483115  0.27942663
  0.03735703  0.11415236  0.11771752 -0.05988934 -0.07149669  0.39524083
 -0.2756166  -0.31739373]",0.16647647321224213,0,0,0,0,19340,39,0
57,CMA-ME,"[-0.21919474 -0.09556744 -0.05034883 -0.03024645  0.22562606  0.11663514
  0.22651273  0.14768566  0.03807913  0.20614748 -0.18328068 -0.14330771
  0.11018146 -0.33591116  0.1859008  -0.27446    -0.14112452 -0.15147028
  0.02550129 -0.26112974 -0.07249373  0.00274692 -0.05950833 -0.09976344
 -0.0677158   0.26907534 -0.28921626  0.09878752  0.12731261 -0.0186933
  0.10850773 -0.19463662]",1.0,4,2,0,0,17240,0,12
58,CMA-ME,"[-0.34722847  0.28837903 -0.01650469 -0.60265145 -0.1475744   0.13755556
 -0.03255999 -0.2541022  -0.55341711  0.04145944  0.38707066 -0.24026769
  0.01906001  0.00336809  0.04114147 -0.16303926  0.40419793  0.04270726
 -0.31630274 -0.08884434 -0.04489575 -0.08466166  0.22652602 -0.19164383
 -0.03225722  0.31653035  0.38365319 -0.3007394  -0.13419298  0.09954163
  0.30352578  0.12846852]",0.6235334873199463,3,0,0,0,17840,7,0
59,CMA-ME,"[ 0.08083625 -0.32916831 -0.00146991 -0.14635069  0.04801275  0.03229895
 -0.21648112  0.18702387  0.35144415  0.09433594 -0.0030339  -0.1090051
  0.08283901 -0.14739127 -0.12212944  0.03288863 -0.03039902 -0.2450673
  0.22186784 -0.0935598  -0.10709179 -0.11718135  0.15314543  0.09540919
  0.0509786   0.18159236 -0.17434367  0.0775938  -0.33950418  0.03264442
  0.32332049  0.25298541]",0.16647647321224213,0,0,0,0,19340,0,0
60,CMA-ME,"[ 0.00927628  0.02680418 -0.03845703  0.3423368   0.05503969 -0.1458351
 -0.4939031  -0.17191675 -0.0337871   0.08720951 -0.11270784  0.19393344
 -0.09772502 -0.17399511 -0.13860817  0.10480911  0.0955597  -0.17036876
 -0.03478044  0.06746532  0.1159055   0.2695833  -0.24082373 -0.04266512
  0.04472107  0.0552708  -0.39004992  0.04668252  0.05563512 -0.01303343
  0.19323036 -0.0482205 ]",0.569251537322998,2,1,0,0,18320,2,2
61,CMA-ME,"[ 0.18351731 -0.06728609  0.02158126  0.1684343   0.31800417  0.00748604
 -0.36467079 -0.02915498  0.1120167   0.17137114 -0.2157735  -0.11974667
 -0.07228252  0.48896081  0.48419212 -0.50007559  0.3164603  -0.1610672
  0.03364338 -0.06886033 -0.37245484  0.15561313 -0.05014245 -0.28623106
 -0.08093009 -0.01648663 -0.00606855 -0.01710623 -0.06484816  0.04246419
 -0.34922938 -0.31280443]",1.0,3,2,0,0,17180,0,7
62,CMA-ME,"[ 0.17352035  0.19751409  0.44444947  0.19156557  0.06175339  0.07087731
  0.15025485 -0.01833477  0.05933259  0.11302914  0.03333604 -0.26918058
 -0.12238572  0.1979312   0.06394956 -0.23710365 -0.20541551  0.26801402
 -0.1252193  -0.24999116 -0.21424675 -0.09003893 -0.10391141  0.00909968
  0.42090258  0.3435987   0.20547474  0.07335861 -0.22513069 -0.04427579
 -0.01302511 -0.10088504]",0.16647647321224213,0,0,0,0,19340,0,1
63,CMA-ME,"[ 0.44065298 -0.34071319  0.18904467 -0.19981986  0.03844783 -0.44267904
 -0.00931933  0.07347847  0.06426091  0.10698692 -0.29907435 -0.10905909
 -0.15368823  0.20129511  0.42888465  0.39359721 -0.07816595  0.4786685
  0.48352109 -0.00903364 -0.06045993 -0.21680604 -0.37415817  0.0603518
 -0.0338715  -0.0887161   0.00361596  0.06790931 -0.02102674  0.08535369
 -0.16398913 -0.00910632]",0.16647647321224213,0,0,0,0,19340,4,2
64,CMA-ME,"[-0.25412971 -0.04801667 -0.42567857  0.01475319  0.07676505 -0.0883501
 -0.17391678 -0.27476562  0.20070608  0.11421191 -0.0171209   0.1166747
 -0.03970231  0.20053387  0.32951728  0.2155079   0.03599776 -0.0893633
 -0.01680323 -0.03091046  0.11704481  0.30336416 -0.1890214  -0.0090657
 -0.19130024 -0.22106614  0.10659417  0.10219681 -0.24454822 -0.20149902
 -0.0634639  -0.09993494]",0.16647647321224213,0,0,0,0,19340,0,0
65,CMA-ME,"[-0.24168329  0.04332711  0.16638467 -0.05627397  0.0553871   0.01799869
  0.14700807 -0.12516517 -0.27418718  0.10119701  0.11286817 -0.01308932
 -0.14684487 -0.12965161 -0.42244681 -0.35867482  0.05538072  0.21234476
 -0.0478699  -0.27347188  0.1079452  -0.17340369  0.00087121  0.08804443
 -0.00357429 -0.03598815 -0.18611672 -0.20990761 -0.29044044 -0.16233839
  0.08934906  0.10625515]",0.16647647321224213,0,0,0,0,19340,0,4
66,CMA-ME,"[ 0.2313936   0.05028259 -0.13906689  0.65560529 -0.10691845  0.1073502
 -0.06883542 -0.04360777 -0.02778264  0.21179455 -0.03280955  0.16538316
 -0.15134783 -0.09290875  0.05779405 -0.01226101 -0.12226067  0.28879105
  0.2190411  -0.05835386  0.12073903  0.11736249 -0.1483389   0.09978607
  0.115399   -0.00467667  0.1384678   0.04396521 -0.04645414  0.24237981
 -0.24347507 -0.04235364]",0.16647647321224213,0,0,0,0,19340,0,0
67,CMA-ME,"[ 0.00472293  0.06230019 -0.1200399   0.32339474 -0.11493198 -0.06083202
  0.3145288   0.11329784 -0.0202959  -0.1550941  -0.03727833  0.1567193
  0.29259449 -0.34262741  0.10813591  0.11305623 -0.03575216 -0.16092364
 -0.01036046 -0.11007462 -0.25539878 -0.09210182 -0.07956988  0.19222983
 -0.25072313 -0.34237147  0.19585179  0.01103898  0.11162989  0.05540184
  0.16699133  0.30071668]",0.16647647321224213,0,0,0,0,19340,0,0
68,CMA-ME,"[-0.21795645 -0.10212251 -0.37213848 -0.64198544  0.15817916 -0.15293486
  0.06109661  0.00933388 -0.05280301  0.20537272  0.16470916 -0.08554855
  0.08008535 -0.02805449  0.26656541 -0.18368995 -0.35927059 -0.00097071
 -0.16228304 -0.14706688  0.19428789  0.09646054 -0.07492523  0.10234088
 -0.14100685 -0.16791727 -0.27421754 -0.09840055  0.02988937 -0.11166067
  0.0463354   0.05754241]",0.16647647321224213,0,0,0,0,19340,0,0
69,CMA-ME,"[-0.20557745 -0.09213172 -0.34793926  0.02178269 -0.24614499  0.020053
  0.015749    0.21068815  0.26478919 -0.18342284 -0.01496969 -0.03581529
  0.09706601 -0.16681515  0.28317486 -0.14441    -0.15965639  0.15807369
 -0.55324633  0.26016431 -0.08479238  0.34892928 -0.22191067  0.09240779
 -0.09785757 -0.20000978  0.28148619 -0.10971123 -0.00751267 -0.14412047
 -0.39495779 -0.22588946]",0.9997026324272156,3,0,0,0,17300,3,0
70,CMA-ME,"[ 0.3121114  -0.06090761  0.35185687 -0.38117619  0.06515251 -0.20399316
  0.48851715  0.08625403  0.34008254  0.06913678  0.03584684 -0.05049272
  0.00287014  0.04473453 -0.04398014 -0.39660586  0.04333093  0.00147594
 -0.39765917 -0.31803939  0.23284815 -0.36191924 -0.21912993  0.4392034
  0.25353487 -0.1676041   0.12495993  0.23694224  0.04694814  0.40370541
  0.21025641  0.10189345]",1.0,5,0,0,0,17180,0,2
71,CMA-ME,"[-0.10984346  0.15083904  0.24144368 -0.1324157   0.00259277  0.57735301
  0.1236966  -0.15839265  0.06224346 -0.01863968  0.13767486  0.11384237
 -0.21962409 -0.21737436 -0.13907812 -0.24158117 -0.09905873 -0.0965719
 -0.04855834  0.32408539 -0.17210973 -0.13807571 -0.20683952  0.11300868
  0.41611688  0.15412379 -0.38583793  0.06153208  0.23520002 -0.17638557
  0.06736848 -0.2305282 ]",0.6774581670761108,2,0,0,0,18080,0,2
72,CMA-ME,"[ 0.27553084  0.13538191  0.04270937  0.00273014 -0.48098184  0.01584538
  0.25235821 -0.04573163  0.08058547  0.17616398  0.32568307 -0.13672369
 -0.05800275  0.30128493  0.03348529  0.45754629  0.05570898  0.24870856
  0.27202401 -0.06407809 -0.00290098 -0.23367143 -0.01965311 -0.08470185
 -0.10642717  0.1083004   0.09862958 -0.41097408 -0.15680065  0.3610793
  0.10780531 -0.20212806]",0.16647647321224213,0,0,0,0,19340,0,0
73,CMA-ME,"[-0.10853513  0.45372527  0.1345671  -0.33320803  0.12866312  0.06703417
  0.31877795 -0.43637522 -0.24595278  0.2481021  -0.28029558 -0.20602948
  0.24547728  0.36794869 -0.10342252 -0.1897359  -0.18110749  0.11324774
 -0.23404852 -0.02851879  0.03369732  0.24240556  0.088022    0.24133667
  0.25489583 -0.15086334  0.0840748   0.18446963  0.15346221  0.19898604
  0.07089012  0.12098323]",0.16647647321224213,0,0,0,0,19340,0,0
74,CMA-ME,"[ 0.01874167 -0.44590692 -0.00596703  0.02340822 -0.05001972  0.0057054
 -0.01373649 -0.12300921  0.16066184  0.29117719 -0.06300025 -0.02930378
  0.11859534  0.02063699 -0.60069007 -0.02383875 -0.09885423 -0.25086866
  0.02184205  0.31419611 -0.14851047  0.1279096   0.23209697 -0.21831705
  0.37644347 -0.01592271 -0.17909997  0.1137004  -0.1360394   0.08171583
 -0.0617683  -0.45018026]",1.0,2,0,0,0,17300,7,0
75,CMA-ME,"[-0.24966253 -0.2378711   0.14861084  0.2922936  -0.26709544  0.16223347
  0.01798624 -0.14430382  0.15342628  0.52841666  0.10911058  0.30544811
  0.04894968  0.23899907 -0.07366554 -0.10881804  0.05742388 -0.08849578
 -0.08673935  0.05574105 -0.01977821 -0.13134338 -0.02381316 -0.03509285
  0.29078022  0.10509508 -0.03453556 -0.26861066  0.03481093  0.45657016
 -0.20881591 -0.0526075 ]",0.48164835572242737,3,0,0,0,18440,29,2
76,CMA-ME,"[-0.07236507  0.04842379  0.09462147 -0.00825955  0.13023244 -0.14697221
 -0.10294998 -0.04829348  0.00956482  0.33660798 -0.21682612  0.21509758
  0.0767054   0.03762105 -0.02754721  0.23818776  0.14371091  0.11610304
 -0.10187579  0.03953132  0.18781777 -0.22357551  0.10244097  0.08185463
  0.18303082  0.03112102 -0.13022821  0.08107257 -0.0478347  -0.07655325
 -0.24458012 -0.04520002]",0.16647647321224213,0,0,0,0,19340,0,5
77,CMA-ME,"[ 0.09878176 -0.08104404 -0.07032925 -0.20508798  0.10655091  0.12114812
 -0.13506933 -0.10472938 -0.25615981  0.20148285 -0.00414111 -0.00371291
 -0.21614361 -0.20879721 -0.14676686  0.34946292 -0.04408584 -0.01563073
  0.19800595  0.1495989  -0.33190564 -0.28851017  0.13397521 -0.03417468
  0.16040544 -0.09632208 -0.02881721  0.06392715 -0.13819542  0.4237332
  0.31113782 -0.07568473]",0.6774581670761108,2,0,0,0,18080,8,2
78,CMA-ME,"[ 0.12637842 -0.01563051 -0.13364263  0.24691017  0.18951697 -0.19752265
 -0.14823366 -0.0262947  -0.05461581 -0.05267219 -0.01931779  0.32288046
  0.20423799  0.10817074  0.29990274 -0.02293313 -0.14980444 -0.02839693
  0.2839822  -0.11331027  0.34543425  0.19939278  0.15192231  0.2422736
 -0.014537    0.16707506  0.1751793  -0.11491614 -0.16156541  0.22222475
  0.13217472  0.17066591]",0.16647647321224213,0,0,0,0,19340,0,0
79,CMA-ME,"[-0.19519202  0.01798121  0.05263729  0.174045    0.17977765  0.21089537
 -0.11827558  0.11346619  0.28223633  0.36213575  0.2744501  -0.14200542
 -0.25502741 -0.04425664 -0.08829375 -0.13620016 -0.13172801  0.25869939
 -0.00690456 -0.09236772  0.06357583  0.24235101 -0.32885529 -0.09248579
 -0.273346    0.2428941  -0.23352177  0.06465643  0.40731429  0.00164852
 -0.14842533 -0.06723705]",0.16647647321224213,0,0,0,0,19340,0,0
80,CMA-ME,"[-0.06438943 -0.12314331 -0.09418052 -0.26666951 -0.1970561  -0.01071237
 -0.16485849 -0.1472583   0.16160933  0.13154076  0.04256598  0.01967987
 -0.22444037  0.14085536  0.01433457 -0.16475427  0.17265608 -0.11822246
 -0.28330703 -0.01981616  0.24381541 -0.23589515  0.11028921 -0.30461364
 -0.06855248  0.20169737 -0.01234485  0.23715454  0.18477668  0.13684054
 -0.01201926 -0.20355255]",1.0,4,1,0,0,17300,23,6
81,CMA-ME,"[-0.2890467  -0.00457999  0.13433066 -0.07430002  0.44177777 -0.11779501
 -0.1613791  -0.04523541 -0.03552598 -0.00415337  0.00832324 -0.4284372
  0.33802786  0.03292547 -0.23621169  0.0857105   0.15794659 -0.29763339
 -0.22077926  0.07605463 -0.05845511  0.0747264   0.00068047  0.17650312
  0.1152999  -0.20815271 -0.19199396  0.11103139  0.0414438  -0.1300607
 -0.32289533 -0.04499018]",0.16647647321224213,0,0,0,0,19340,0,0
82,CMA-ME,"[-0.15278949  0.18349494  0.05889334 -0.13690034  0.17014612  0.12883604
 -0.08813036  0.0152046   0.18221549  0.20244858 -0.05121922 -0.01812872
  0.2613254  -0.04532936 -0.17378823  0.02600698 -0.10194299 -0.17852275
  0.19884463 -0.26741935 -0.03424919  0.20219061 -0.06250882  0.13052883
  0.50855693  0.25948374 -0.03512395  0.47839918  0.09035881  0.03540106
  0.31818121 -0.11517514]",0.5783972144126892,2,1,0,0,18320,0,1
83,CMA-ME,"[ 0.21351843  0.0357441   0.0345083   0.02686031  0.32116594 -0.13289586
  0.10662691 -0.17765189  0.08472784 -0.21150299 -0.07424845  0.03227806
  0.09021096 -0.2056001   0.41580783 -0.27338561  0.21888846  0.00315992
 -0.21225098  0.17707712  0.02869383  0.01195827  0.05694596 -0.08608484
  0.24698716  0.15047435 -0.05131343  0.09235226 -0.34789523 -0.06084141
  0.45594956  0.05735721]",1.0,5,0,0,0,17240,7,8
84,CMA-ME,"[-0.0313651  -0.09929089  0.03911615  0.12647895 -0.17513444 -0.33471197
 -0.1964246  -0.12620002 -0.20639325  0.09332921  0.1451373   0.33440648
 -0.01381302  0.11503231 -0.1362088  -0.18394791  0.06858151  0.05779537
  0.17938074 -0.1354643  -0.38732943 -0.11174733  0.12399931  0.10179893
 -0.10568472 -0.18464609  0.23295702 -0.15431086  0.19604644 -0.25017634
 -0.06886275  0.01264047]",0.2597368359565735,1,0,0,0,19100,0,0
85,CMA-ME,"[ 0.20916282 -0.10195066  0.33339474  0.10219355 -0.00107427 -0.10076829
 -0.13190976 -0.15516386 -0.02847086  0.11858745  0.22056834 -0.08965023
  0.04893443 -0.31192323  0.13000534  0.07013655 -0.01912726  0.10776313
  0.18777754 -0.08378527 -0.1905935   0.11632747  0.09476112 -0.35357738
  0.06239233 -0.14579622  0.37024005 -0.12617238  0.44614526  0.00282249
 -0.12604072 -0.12997765]",0.16647647321224213,0,0,0,0,19340,0,0
86,CMA-ME,"[-0.2074925   0.34974963  0.02358112 -0.23762259  0.46595406 -0.34349803
  0.01878746  0.36473852 -0.09823379  0.05671397 -0.00615003  0.15356489
  0.09017982  0.25084993  0.01385989  0.31999278 -0.2078878   0.10219156
  0.37627296 -0.16690743  0.32981107  0.167488    0.00460862  0.17656025
  0.01490094  0.3126742   0.0456809   0.16118319 -0.07072094  0.06984654
 -0.07345868 -0.05477127]",0.927799642086029,3,2,0,0,16700,0,5
87,CMA-ME,"[ 0.09381789  0.31713143 -0.30536415  0.10828038 -0.05386813 -0.15648388
 -0.07965024  0.09382423 -0.19011608  0.02556106  0.10412561 -0.03076524
 -0.07581298  0.0305097  -0.07429554  0.05306807  0.10258454  0.25899409
  0.1455538   0.08515161 -0.32593966  0.05412869 -0.51123679  0.12155741
 -0.00929457  0.10831678  0.23020927 -0.06394176  0.0619046  -0.03926555
 -0.37048883  0.02575845]",0.16647647321224213,0,0,0,0,19340,0,3
88,CMA-ME,"[-0.33067572  0.33555967 -0.15114898 -0.34894552 -0.24766811 -0.02025856
 -0.02148835 -0.0496942   0.11289293 -0.09790418 -0.04354153 -0.00569112
  0.11643585 -0.16912537  0.51665566  0.50856329  0.34466911 -0.00361513
 -0.41684654  0.17840854  0.08131129  0.09532115  0.03029976 -0.18387762
  0.29559     0.18460468 -0.11563927  0.05021004 -0.10185716 -0.19762197
 -0.06109417 -0.31757286]",1.0,5,0,0,0,17300,14,5
89,CMA-ME,"[ 0.0704441   0.2442904   0.34286041 -0.39108968 -0.081114    0.15649647
 -0.07605373 -0.06117875 -0.04088809 -0.32064963  0.30000251 -0.00357277
 -0.13324437  0.16459074 -0.17533765 -0.16141544 -0.36982154  0.23840414
  0.16929418  0.2151539   0.29229634  0.14640501 -0.09611769 -0.03735559
 -0.27157718  0.14505375 -0.12803278  0.35938395 -0.27245929  0.06600686
  0.03638314 -0.07481455]",0.6304966807365417,5,0,0,0,17480,0,3
90,CMA-ME,"[ 0.06266867  0.14642376 -0.08591884 -0.18819125  0.02192898 -0.06176589
 -0.11553012 -0.1307345  -0.31838937 -0.11337717  0.02872675 -0.09813216
  0.00784434 -0.39543713 -0.05511086  0.27941176  0.02958127  0.26177162
 -0.01081395  0.04063    -0.10140234  0.12576285  0.22014883  0.48983754
 -0.24981578 -0.15404276 -0.28584912 -0.29891604 -0.17779307 -0.11720083
 -0.56610278  0.18872063]",0.16647647321224213,0,0,0,0,19340,0,0
91,CMA-ME,"[ 0.14408034  0.01814589 -0.06252766  0.24316214  0.1854483  -0.21167484
  0.20807287 -0.07615808 -0.22871368 -0.35431297  0.15685339  0.1485572
 -0.28303402 -0.02703503 -0.08718266  0.23565633 -0.49313578 -0.09417118
 -0.18651267 -0.08783353 -0.02169071  0.24192459  0.00240563 -0.09869162
  0.00544864 -0.27166162  0.28861122  0.02241491 -0.27029124 -0.20433525
 -0.03932344  0.26704082]",0.16647647321224213,0,0,0,0,19340,0,0
92,CMA-ME,"[-0.09389524  0.06588315 -0.03064169  0.10809801  0.14812936 -0.11760557
 -0.13581567 -0.00705567 -0.02071543 -0.09129903  0.28909203 -0.3962548
 -0.14991429 -0.07386918  0.09487415 -0.06175722 -0.29567247  0.26178999
  0.2863001   0.06424336  0.24981893  0.33474087 -0.06170936  0.61927677
 -0.06053173  0.09661195  0.08907208  0.14203614  0.12143231  0.07270694
 -0.37489127 -0.22750976]",0.16647647321224213,0,0,0,0,19340,0,0
93,CMA-ME,"[ 0.01849899 -0.05306708  0.12652057  0.2517538  -0.13670544 -0.03333326
 -0.0396551   0.02584123  0.09114063  0.16944863 -0.17672284 -0.06849167
 -0.30959912  0.20684319 -0.23927708 -0.08648543  0.09610642  0.07723
 -0.01994243 -0.05351516  0.39466303 -0.00525043 -0.06686608  0.32595536
  0.00885387 -0.08405002 -0.09863504  0.15974838 -0.40415054 -0.09170562
 -0.17195332  0.1873784 ]",0.16647647321224213,0,0,0,0,19340,0,0
94,CMA-ME,"[-0.1701486   0.34883646  0.10259186 -0.29390696 -0.01521037 -0.10578669
  0.10937931 -0.20677296  0.44531311 -0.40900738  0.12492565  0.1762054
  0.07165071  0.01810892  0.13064879  0.32573696 -0.12783794  0.13839844
 -0.0007295  -0.01627715 -0.4035665  -0.01000596 -0.00095363  0.057926
 -0.22688275  0.01649029  0.10603476  0.27343318 -0.0199892   0.08091252
 -0.22987753  0.17231734]",0.16647647321224213,0,0,0,0,19340,1,0
95,CMA-ME,"[ 0.01809978  0.10707545 -0.08545965 -0.03507934 -0.2813276  -0.17203258
  0.02163531  0.37591344  0.05341808 -0.21137876  0.31441778  0.27039972
  0.10414865 -0.10510769 -0.18593887  0.36252117 -0.17411051  0.0525993
  0.09857526  0.12583117 -0.02500724  0.19640283 -0.17405492 -0.31255758
 -0.17266356  0.24102909  0.2585666  -0.26567353  0.33934623  0.01504464
 -0.37142011  0.06664729]",0.16647647321224213,0,0,0,0,19340,0,1
96,CMA-ME,"[-0.3071015   0.02797927 -0.02157126 -0.12254422  0.39736745 -0.00798778
  0.01157513  0.06798856  0.23196153  0.21494925 -0.148168    0.06760441
 -0.28391667 -0.14086325 -0.04834256 -0.02289316  0.02511222 -0.04444621
 -0.40740564 -0.38726093  0.06802921  0.15886846  0.29896944 -0.42078453
 -0.31959613 -0.17794295 -0.28387988 -0.25112031 -0.18022149  0.00905495
 -0.03156226  0.12171706]",0.9305202960968018,3,4,0,0,17060,0,15
97,CMA-ME,"[ 0.32385036  0.13550019  0.10287541 -0.35354144 -0.07481698  0.04575612
  0.02117304  0.13593706 -0.29552775  0.28814556 -0.24954883 -0.45447906
  0.3242986   0.00646087 -0.1850977  -0.22529797 -0.05645907 -0.1782058
 -0.26490633 -0.19652419 -0.00934578  0.37544704  0.30921055  0.20227216
  0.21856675  0.03416767  0.17512978 -0.16152348  0.06671407 -0.21176394
  0.15318213 -0.04440361]",0.16647647321224213,0,0,0,0,19340,0,0
98,CMA-ME,"[-0.07927671 -0.20446066 -0.00375283 -0.28868229 -0.04561598 -0.16443338
 -0.13619933  0.01389859  0.04116964 -0.09635334  0.1463482   0.13157726
 -0.52324811 -0.10808259 -0.14546256  0.01686425 -0.0182693   0.20605625
 -0.07756833  0.50543692 -0.11402334  0.0707252  -0.04515072 -0.15039951
  0.25955174 -0.03800137 -0.10060853  0.22563014  0.15305864 -0.16805297
  0.13934899 -0.03502942]",0.665163516998291,3,0,0,0,18020,5,4
99,CMA-ME,"[-0.29123405 -0.20799404  0.16978543 -0.06831063  0.00873865  0.06839526
  0.18299834 -0.09572023  0.33607179  0.01611357 -0.16304716  0.09707304
 -0.21014781 -0.38891308 -0.3042537  -0.2471476  -0.16508063  0.30825878
  0.08301163 -0.32149853 -0.1100528  -0.23627011 -0.02104742 -0.09146905
 -0.2939593  -0.18458617 -0.08410467 -0.27247695  0.19475539  0.0749322
  0.09976619 -0.1570098 ]",0.8881397843360901,5,0,0,0,17480,18,1
